id,text
ex01,"你蹲在货架前，手指刚碰到那摞过期三年的罐头，就听背后传来一阵慢悠悠的脚步声。
{npc_name}像头刚睡醒的树懒晃到你身边，他盯着你手里的罐头看了三秒，然后从兜里掏出一卷新标签，慢吞吞地撕下一条。
{npc_name}：{player_name}啊，这批货要是让经理知道咱们发现了没上报，他准得把咱俩的工牌挂到新来的丧尸闸机上当感应器。
他贴完标签后直起腰，那双半浑浊的眼睛正对着你，嘴角甚至还挂着一丝友好的微笑。
但他的手没有离开口袋，那里鼓鼓囊囊的。"
ex02,"你刚把一份标着‘绝密－财务流水’的文件塞进碎纸机，{npc_name}推门进来。
他那只变异鼠人的尖鼻子猛地抽动了两下，眼神瞬间变得像看见腐肉的秃鹫。
{npc_name}：哟，{player_name}，上班时间用公司设备销毁私人小抄呢？
他凑过来，爪子状的手指在碎纸机外壳上敲了敲，发出刺耳的金属声。
{npc_name}：我鼻子可是闻过几百号人的加班血泪，你这文件上的油墨味儿可不像是过期罐头报表该有的清香。
他眯起眼睛，尾巴在身后危险地甩动，整个人堵在了你和门口之间。"
ex03,"茶水间的咖啡机第三次喷出黑色不明液体的时候，{npc_name}正笑盈盈地站在你身后。
{npc_name}：哎呀，{player_name}，你怎么把人家最爱的‘特调浓缩’搞坏了呀。
她伸出一片湿漉漉的叶子状手掌，轻轻拍了拍你的肩膀，留下一道泛绿的水印。
{npc_name}：不过没关系的，这事人家不会跟{npc_name}说的——除非你今天有空陪人家聊聊昨天经理的八卦？
她的笑容不变，但你能感觉到那片叶子手压在你肩上的力道在悄悄加重。"
ex04,"你正弯腰捡文件，{npc_name}突然凑过来，铁钳般的手一把抓住你胳膊。
{npc_name}：{player_name}，你袖口那点碎纸屑是故意的吧？公司机密文件掉地上，通常不是因为风大，是因为手不干净。
他另一只手翻开一张散落的纸，上面全是些财务表格和仓库编号。
{npc_name}：经理说要抓内鬼，你这招数比过期罐头还馊。
他松开你，转身把那张纸塞进自己工位抽屉里，拍了拍手发出一声闷响。
{npc_name}：五点前你得给我个交代，不然晚上我可不想再跟你挤一块儿去食堂。"
ex05,"{npc_name}的机械瞳孔锁定你的瞬间，你听见一阵令人牙酸的镜头变焦声。
她半边金属脸缓慢扯出一个笑，另一半则纹丝不动。
{npc_name}：小同志，刚才你在档案柜前停留了十二秒零三毫秒——比正常调阅多了八秒。
她的关节咔嗒咔嗒响着向你逼近，每一步都精准踩在地砖的缝里。
{npc_name}：这八秒里你看了什么？要不要老娘帮你回忆回忆？
她的扫描眼贴到了你脸上，你闻到一股机油混着旧账本的味道。"
ex06,"你正在主办公区核对报表，身后传来八条触手摩擦地板的黏腻声响。
{npc_name}：{player_name}～～你的KPI报表第三栏第二行，有一个用蓝色钢笔写的小数点。
他的一条触手伸过你肩膀，精准地点在那个小数点上，留下一抹半透明的黏液。
{npc_name}：全公司只有那位调查员的笔记本里用蓝色钢笔。
他凑近你的耳朵，触手在你脖子边一寸的位置悬停。
{npc_name}：你说，这是巧合，还是你想让我猜个谜？"
